	{
	  "rasa_nlu_data": {
		"regex_features": [
		  {
			"name": "zipcode",
			"pattern": "[0-9]{5}"
		  },
		  {
			"name": "greet",
			"pattern": "hey[^\\s]*"
		  },
		  {
			"name": "emailid",
			"pattern": "*.com"
		  }
		],
		"entity_synonyms": [
		  {
			"value": "chinese",
			"synonyms": [
			  "Chinese",
			  "Chines",
			  "chines"
			]
		  },
		  {
			"value": "italian",
			"synonyms": [
			  "Italian",
			  "Italy",
			  "Itl"
			]
		  },
		  {
			"value": "mexican",
			"synonyms": [
			  "Mexican",
			  "Mex",
			  "Mexi"
			]
		  },
		  {
			"value": "american",
			"synonyms": [
			  "American",
			  "America",
			  "USA"
			]
		  },
		  {
			"value": "south indian",
			"synonyms": [
			  "south",
			  "SI",
			  "south india"
			]
		  },
		  {
			"value": "north indian",
			"synonyms": [
			  "north",
			  "NI",
			  "north india"
			]
		  },
		  {
			"value": "More than 700",
			"synonyms": [
			  ">700",
			  "more 700",
			  "greater than 700"
			]
		  },
		  {
			"value": "Rs. 300 to 700",
			"synonyms": [
			  "between 300 and 700",
			  "between 300 n 700",
			  "btw 300 and 700"
			]
		  },
		  {
			"value": "Lesser than Rs. 300",
			"synonyms": [
			  "<300",
			  "less300",
			  "less"
			]
		  },
		  {
			"value": "Bangalore",
			"synonyms": [
			  "Bengaluru",
			  "Bengalooru",
			  "bengalore"
			]
		  },
		  {
			"value": "Mumbai",
			"synonyms": [
			  "Bombay",
			  "Mumba",
			  "Amchi"
			]
		  }
		],
		"lookup_tables"  : [
		{
                "name": "location",
                "elements": "data/city.txt"
            }
		],
		"common_examples": [
		  {
			"text": "hey",
			"intent": "greet",
			"entities": []
		  },
		  {
			"text": "howdy",
			"intent": "greet",
			"entities": []
		  },
		  {
			"text": "hey there",
			"intent": "greet",
			"entities": []
		  },
		  {
			"text": "hello",
			"intent": "greet",
			"entities": []
		  },
		  {
			"text": "hi",
			"intent": "greet",
			"entities": []
		  },
		  {
			"text": "Hi",
			"intent": "greet",
			"entities": []
		  },
		  {
			"text": "good morning",
			"intent": "greet",
			"entities": []
		  },
		  {
			"text": "good evening",
			"intent": "greet",
			"entities": []
		  },
		  {
			"text": "dear sir",
			"intent": "greet",
			"entities": []
		  },
		  {
			"text": "yes",
			"intent": "affirm",
			"entities": []
		  },
		  {
			"text": "yep",
			"intent": "affirm",
			"entities": []
		  },
		  {
			"text": "yeah",
			"intent": "affirm",
			"entities": []
		  },
		  {
			"text": "indeed",
			"intent": "affirm",
			"entities": []
		  },
		  {
			"text": "that's right",
			"intent": "affirm",
			"entities": []
		  },
		  {
			"text": "ok",
			"intent": "affirm",
			"entities": []
		  },
		  {
			"text": "great",
			"intent": "affirm",
			"entities": []
		  },
		  {
			"text": "right, thank you",
			"intent": "affirm",
			"entities": []
		  },
		  {
			"text": "correct",
			"intent": "affirm",
			"entities": []
		  },
		  {
			"text": "great choice",
			"intent": "affirm",
			"entities": []
		  },
		  {
			"text": "sounds really good",
			"intent": "affirm",
			"entities": []
		  },
		  {
			"text": "i'm looking for a place to eat",
			"intent": "restaurant_search",
			"entities": []
		  },
		  {
			"text": "I want to grab lunch",
			"intent": "restaurant_search",
			"entities": []
		  },
		  {
			"text": "I am searching for a dinner spot",
			"intent": "restaurant_search",
			"entities": []
		  },
		  {
			"text": "show me chinese restaurants",
			"intent": "restaurant_search",
			"entities": [
			  {
				"start": 8,
				"end": 15,
				"value": "chinese",
				"entity": "cuisine"
			  }
			]
		  },
		  {
			"text": "show me chines restaurants in mumbai",
			"intent": "restaurant_search",
			"entities": [
			  {
				"start": 8,
				"end": 14,
				"value": "chinese",
				"entity": "cuisine"
			  },
			  {
				"start": 34,
				"end": 39,
				"value": "Mumbai",
				"entity": "location"
			  }
			]
		  },
		  {
			"text": "show me a mexican place in the pune",
			"intent": "restaurant_search",
			"entities": [
			  {
				"start": 31,
				"end": 37,
				"value": "Pune",
				"entity": "location"
			  },
			  {
				"start": 10,
				"end": 17,
				"value": "mexican",
				"entity": "cuisine"
			  }
			]
		  },
		  {
			"text": "i am looking for an indian spot called olaolaolaolaolaola",
			"intent": "restaurant_search",
			"entities": [
			  {
				"start": 20,
				"end": 26,
				"value": "indian",
				"entity": "cuisine"
			  }
			]
		  },
		  {
			"text": "search for restaurants",
			"intent": "restaurant_search",
			"entities": []
		  },
		  {
			"text": "anywhere in the west",
			"intent": "restaurant_search",
			"entities": [
			  {
				"start": 16,
				"end": 20,
				"value": "west",
				"entity": "location"
			  }
			]
		  },
		  {
			"text": "anywhere near 18328",
			"intent": "restaurant_search",
			"entities": [
			  {
				"start": 14,
				"end": 19,
				"value": "18328",
				"entity": "location"
			  }
			]
		  },
		  {
			"text": "I am looking for asian fusion food",
			"intent": "restaurant_search",
			"entities": [
			  {
				"start": 17,
				"end": 29,
				"value": "asian fusion",
				"entity": "cuisine"
			  }
			]
		  },
		  {
			"text": "I am looking a restaurant in 29432",
			"intent": "restaurant_search",
			"entities": [
			  {
				"start": 29,
				"end": 34,
				"value": "29432",
				"entity": "location"
			  }
			]
		  },
		  {
			"text": "in London",
			"intent": "restaurant_search",
			"entities": [
			  {
				"start": 3,
				"end": 9,
				"value": "London",
				"entity": "location"
			  }
			]
		  },
		  {
			"text": "South Indian",
			"intent": "restaurant_search",
			"entities": [
			  {
				"start": 0,
				"end": 12,
				"value": "South Indian",
				"entity": "cuisine"
			  }
			]
		  },
		  {
			"text": "North Indian",
			"intent": "restaurant_search",
			"entities": [
			  {
				"start": 0,
				"end": 12,
				"value": "North Indian",
				"entity": "cuisine"
			  }
			]
		  },
		  {
			"text": "Italian",
			"intent": "restaurant_search",
			"entities": [
			  {
				"start": 0,
				"end": 7,
				"value": "Italian",
				"entity": "cuisine"
			  }
			]
		  },
		  {
			"text": "Chinese",
			"intent": "restaurant_search",
			"entities": [
			  {
				"start": 0,
				"end": 7,
				"value": "chinese",
				"entity": "cuisine"
			  }
			]
		  },
		  {
			"text": "chinese",
			"intent": "restaurant_search",
			"entities": [
			  {
				"start": 0,
				"end": 7,
				"value": "chinese",
				"entity": "cuisine"
			  }
			]
		  },
		  {
			"text": "Lithuania",
			"intent": "restaurant_search",
			"entities": [
			  {
				"start": 0,
				"end": 9,
				"value": "Lithuania",
				"entity": "location"
			  }
			]
		  },
		  {
			"text": "Oh, sorry, in Italy",
			"intent": "restaurant_search",
			"entities": [
			  {
				"start": 14,
				"end": 19,
				"value": "Italy",
				"entity": "location"
			  }
			]
		  },
		  {
			"text": "in delhi",
			"intent": "restaurant_search",
			"entities": [
			  {
				"start": 3,
				"end": 8,
				"value": "delhi",
				"entity": "location"
			  }
			]
		  },
		  {
			"text": "In Delhi",
			"intent": "restaurant_search",
			"entities": [
			  {
				"start": 3,
				"end": 8,
				"value": "Delhi",
				"entity": "location"
			  }
			]
		  },
		  {
			"text": "In Delhi.",
			"intent": "restaurant_search",
			"entities": [
			  {
				"start": 3,
				"end": 8,
				"value": "Delhi",
				"entity": "location"
			  }
			]
		  },
		  {
			"text": "I am looking for some restaurants in Delhi.",
			"intent": "restaurant_search",
			"entities": [
			  {
				"start": 37,
				"end": 42,
				"value": "Delhi",
				"entity": "location"
			  }
			]
		  },
		  {
			"text": "I am looking for some restaurants in Delhi",
			"intent": "restaurant_search",
			"entities": [
			  {
				"start": 37,
				"end": 42,
				"value": "Delhi",
				"entity": "location"
			  }
			]
		  },
		  {
			"text": "I am looking for some restaurants in delhi",
			"intent": "restaurant_search",
			"entities": [
			  {
				"start": 37,
				"end": 42,
				"value": "delhi",
				"entity": "location"
			  }
			]
		  },
		  {
			"text": "I am looking for south indian",
			"intent": "restaurant_search",
			"entities": [
			  {
				"start": 17,
				"end": 38,
				"value": "south indian",
				"entity": "cuisine"
			  }
			]
		  },
		  {
			"text": "I am looking for north indian",
			"intent": "restaurant_search",
			"entities": [
			  {
				"start": 17,
				"end": 38,
				"value": "north indian",
				"entity": "cuisine"
			  }
			]
		  },
		  {
			"text": "I am looking for chinese restaurant in Delhi",
			"intent": "restaurant_search",
			"entities": [
			  {
				"start": 17,
				"end": 38,
				"value": "chinese",
				"entity": "cuisine",
				"value": "Delhi",
				"entity": "location"
				}
			]
		  },
		  {
			"text": "bye",
			"intent": "goodbye",
			"entities": []
		  },
		  {
			"text": "goodbye",
			"intent": "goodbye",
			"entities": []
		  },
		  {
			"text": "good bye",
			"intent": "goodbye",
			"entities": []
		  },
		  {
			"text": "stop",
			"intent": "goodbye",
			"entities": []
		  },
		  {
			"text": "end",
			"intent": "goodbye",
			"entities": []
		  },
		  {
			"text": "farewell",
			"intent": "goodbye",
			"entities": []
		  },
		  {
			"text": "Bye bye",
			"intent": "goodbye",
			"entities": []
		  },
		  {
			"text": "have a good one",
			"intent": "goodbye",
			"entities": []
		  },
		  {
			"text": "please help me to find restaurants in Pune",
			"intent": "restaurant_search",
			"entities": [
			  {
				"start": 38,
				"end": 42,
				"value": "Pune",
				"entity": "location"
			  }
			]
		  },
		  {
			"text": "Can you find me restaurants in Delhi",
			"intent": "restaurant_search",
			"entities": [
			  {
				"start": 38,
				"end": 42,
				"value": "Delhi",
				"entity": "location"
			  }
			]
		  },
		  {
			"text": "please help me to find restaurants in Pune",
			"intent": "restaurant_search",
			"entities": [
			  {
				"start": 38,
				"end": 42,
				"value": "Pune",
				"entity": "location"
			  }
			]
		  },
		  {
			"text": ">700",
			"intent": "restaurant_search",
			"entities": [
			  {
				"start": 38,
				"end": 42,
				"value": "More than 700",
				"entity": "budget"
			  }
			]
		  },
  		  {
			"text": "<300",
			"intent": "restaurant_search",
			"entities": [
			  {
				"start": 38,
				"end": 42,
				"value": "Lesser than Rs.300",
				"entity": "budget"
			  }
			]
		  },
		  {
			"text": "please help me to find chinese restaurants in Pune",
			"intent": "restaurant_search",
			"entities": [
			  {
				"start": 38,
				"end": 42,
				"value": "Pune",
				"entity": "location",
				"value": "chinese",
				"entity": "cuisine"
			  }
			]
		  },
		  {
			"text": "find restaurants in Bangalore",
			"intent": "restaurant_search",
			"entities": [
			  {
				"start": 38,
				"end": 42,
				"value": "Bangalore",
				"entity": "location"
			  }
			]
		  }
		  
		]
	  }
	}