{
  "action_fingerprints": {
    "action_listen": {
      "slots": [
        "emailid",
        "cuisine",
        "budget",
        "location"
      ]
    },
    "action_cuisine": {
      "slots": [
        "cuisine",
        "location"
      ]
    },
    "action_location": {
      "slots": [
        "budget",
        "location"
      ]
    },
    "action_budget": {
      "slots": [
        "budget"
      ]
    },
    "action_emailid": {
      "slots": [
        "emailid"
      ]
    },
    "action_restart": {
      "slots": []
    },
    "utter_goodbye": {
      "slots": []
    }
  },
  "rasa_core": "0.10.1",
  "max_histories": [
    8,
    8
  ],
  "ensemble_name": "rasa_core.policies.ensemble.SimplePolicyEnsemble",
  "policy_names": [
    "rasa_core.policies.memoization.MemoizationPolicy",
    "rasa_core.policies.keras_policy.KerasPolicy"
  ]
}