{
  "chinese": "chinese",
  "chines": "chinese",
  "china": "chinese",
  "italian": "italian",
  "italy": "italian",
  "itl": "italian",
  "mexican": "mexican",
  "mexico": "mexican",
  "mexi": "mexican",
  "american": "american",
  "america": "american",
  "usa": "american",
  "south": "south indian",
  "south ind": "south indian",
  "south india": "south indian",
  "south-indian": "south indian",
  "south-india": "south indian",
  "south-ind": "south indian",
  "north": "north indian",
  "north ind": "north indian",
  "north india": "north indian",
  "north-indian": "north indian",
  "north-india": "north indian",
  "north-ind": "north indian",
  "more than rs. 700": "More than 700",
  ">700": "More than 700",
  "great than 700": "More than 700",
  "greater than 700": "More than 700",
  "great than rs. 700": "More than 700",
  "greater than rs. 700": "More than 700",
  "> 700": "More than 700",
  "> than  700": "More than 700",
  "> than rs. 700": "More than 700",
  "> than rs 700": "More than 700",
  "> rs. 700": "More than 700",
  "> rs 700": "More than 700",
  "more than rs 700": "More than 700",
  "300 - rs. 700": "Rs. 300 to 700",
  "300 - rs 700": "Rs. 300 to 700",
  "300 - 700": "Rs. 300 to 700",
  "300-700": "Rs. 300 to 700",
  "300 to 700": "Rs. 300 to 700",
  "300 and 700": "Rs. 300 to 700",
  "300 to rs. 700": "Rs. 300 to 700",
  "300 and rs. 700": "Rs. 300 to 700",
  "300 to rs 700": "Rs. 300 to 700",
  "300 and rs 700": "Rs. 300 to 700",
  "<300": "Lesser than Rs. 300",
  "less300": "Lesser than Rs. 300",
  "less than 300": "Lesser than Rs. 300",
  "< rs. 300": "Lesser than Rs. 300",
  "< rs 300": "Lesser than Rs. 300",
  "<rs. 300": "Lesser than Rs. 300",
  "<rs 300": "Lesser than Rs. 300",
  "less than rs 300": "Lesser than Rs. 300",
  "les than rs. 300": "Lesser than Rs. 300",
  "bengaluru": "Bangalore",
  "bengalooru": "Bangalore",
  "bengalore": "Bangalore",
  "bnglr": "Bangalore",
  "banglore": "Bangalore",
  "bombay": "Mumbai",
  "mumba": "Mumbai",
  "amchi": "Mumbai",
  "dilli": "Delhi",
  "delli": "Delhi",
  "capital": "Delhi",
  "gurgaon": "Gurugram",
  "trivendrum": "Thiruvananthapuram",
  "cochin": "Kochi",
  "pondicherry": "Puducherry",
  "vizag": "Visakhapatnam",
  "waltair": "Visakhapatnam",
  "gauhati": "Guwahati",
  "mysore": "Mysuru",
  "calcutta": "Kolkata",
  "kolkatta": "Kolkata",
  "mangalore": "Mangaluru",
  "manglore": "Mangaluru",
  "mangluru": "Mangaluru",
  "trichur": "Thrissur",
  "poona": "Pune",
  "delhi": "Delhi",
  "pune": "Pune",
  "umbai": "mumbai",
  "mangaluru": "Mangalore",
  "elhi": "Delhi"
}