{"py/object": "rasa_core.featurizers.MaxHistoryTrackerFeaturizer", "max_history": 8, "remove_duplicates": true, "state_featurizer": {"py/object": "rasa_core.featurizers.BinarySingleStateFeaturizer", "input_state_map": {"entity_budget": 8, "entity_cuisine": 7, "entity_emailid": 9, "entity_location": 6, "intent_affirm": 1, "intent_deny": 2, "intent_goodbye": 3, "intent_greet": 0, "intent_restaurant_search": 5, "intent_thankyou": 4, "prev_action_budget": 27, "prev_action_cuisine": 26, "prev_action_default_fallback": 16, "prev_action_emailid": 28, "prev_action_listen": 14, "prev_action_location": 25, "prev_action_restart": 15, "prev_action_search_restaurants": 29, "prev_utter_ask_budget": 22, "prev_utter_ask_cuisine": 21, "prev_utter_ask_emailid": 24, "prev_utter_ask_location": 20, "prev_utter_default": 17, "prev_utter_goodbye": 19, "prev_utter_greet": 18, "prev_utter_senton_email": 23, "slot_budget_0": 10, "slot_cuisine_0": 11, "slot_emailid_0": 12, "slot_location_0": 13}, "num_features": 30, "slot_feature_len": 4, "user_feature_len": 10}, "use_intent_probabilities": false}